{
  "status": "provisional_unverified_physical_dimensions",
  "source_points": [
    [
      0,
      -0.5,
      0
    ],
    [
      1.020665,
      -0.5,
      0
    ],
    [
      0,
      -0.5,
      1.020665
    ],
    [
      0,
      0.5,
      0
    ]
  ],
  "target_points": [
    [
      0.419225,
      -4.514827,
      0.314265
    ],
    [
      0.5325583333333334,
      -4.514827,
      0.314265
    ],
    [
      0.419225,
      -4.514827,
      0.20093166666666668
    ],
    [
      0.419225,
      -4.625938111111111,
      0.314265
    ]
  ]
}